id,nombre,tipo
1,TE-IZADO DE POSTE HAV-300-9,POSTERIA
2,TE-IZADO DE POSTE HAV-300-10,POSTERIA
3,TE-IZADO DE POSTE HAV-500-10,POSTERIA
4,TE-IZADO DE POSTE HAV-500-12,POSTERIA
5,TE-IZADO DE POSTE HAV-500-14,POSTERIA
6,TE-IZADO DE POSTE HAV-800-12,POSTERIA
7,TE-IZADO DE POSTE HAV-800-14,POSTERIA
8,TE-IZADO DE POSTE HAV-800-10,POSTERIA
9,TE-IZADO DE POSTE HAV-800-15,POSTERIA
10,TE-IZADO POSTE M - 9 - CL5,POSTERIA
11,TE-IZADO POSTE M - 10 - CL5,POSTERIA
12,TE-IZADO POSTE M - 10 - CL3,POSTERIA
13,TE-IZADO POSTE M - 12 - CL3,POSTERIA
14,TE-IZADO POSTE M - 18 - CL5,POSTERIA
15,MCH-300-10,POSTERIA
16,MCH-300-9,POSTERIA
17,MCH-500-10,POSTERIA
18,MCH-500-12,POSTERIA
19,MCH-500-14,POSTERIA
20,MCH-800-12,POSTERIA
21,MCH-800-14,POSTERIA
22,TE-MONT 1Ø RED ANTIFRAUDE (MTA-101),ARMADOS TIPO PIN Y CAMPANA ANTIFRAUDE
23,TE-MONT 1Ø RED ANTIFRAUDE (MTA-102),ARMADOS TIPO PIN Y CAMPANA ANTIFRAUDE
24,TE-MONT 1Ø RED ANTIF(MTA-103)Nº(2/0-4/0),ARMADOS TIPO PIN Y CAMPANA ANTIFRAUDE
25,TE-MONT 1Ø RED ANTIF(MTA-103CC)Nº(2/0-4/0),ARMADOS TIPO PIN Y CAMPANA ANTIFRAUDE
26,TE-MONT 1Ø RED ANTIF (MTA-104)N(2/0-4/0),ARMADOS TIPO PIN Y CAMPANA ANTIFRAUDE
27,TE-MONT 1Ø RED ANTIF(MTA-105)Nº(2/0-4/0),ARMADOS TIPO PIN Y CAMPANA ANTIFRAUDE
28,TE-MONT 1Ø RED ANTIFRAUDE (MTA-106) (2/0-4/0),ARMADOS TIPO PIN Y CAMPANA ANTIFRAUDE
29,TE-MONT 1Ø RED ANTIFRAUDE (MTA-107),ARMADOS TIPO PIN Y CAMPANA ANTIFRAUDE
30,TE-MONT 1Ø RED ANTIFRAUDE (MTA-108),ARMADOS TIPO PIN Y CAMPANA ANTIFRAUDE
31,TE-MONT 3Ø RED ANTIFRAUDE (MTA-301),ARMADOS TIPO PIN Y CAMPANA ANTIFRAUDE
32,TE-MONT 3Ø RED ANTIF(MTA-302)Nº(2/0-4/0),ARMADOS TIPO PIN Y CAMPANA ANTIFRAUDE
33,TE-MONT 3Ø RED ANTIF(MTA-302)Nº(366-477),ARMADOS TIPO PIN Y CAMPANA ANTIFRAUDE
34,TE-MONT 3Ø RED ANTIF(MTA-303)Nº(2/0-4/0),ARMADOS TIPO PIN Y CAMPANA ANTIFRAUDE
35,TE-MONT 3Ø RED ANTIF(MTA-303)Nº(336-477),ARMADOS TIPO PIN Y CAMPANA ANTIFRAUDE
36,TE-MONT 3Ø RED ANTIF(MTA-303 CC)Nº(2/0-4/0),ARMADOS TIPO PIN Y CAMPANA ANTIFRAUDE
37,TE-MONT 3Ø RED ANTIF(MTA-304)Nº(2/0-4/0),ARMADOS TIPO PIN Y CAMPANA ANTIFRAUDE
38,TE-MONT 3Ø RED ANTIF(MTA-304)Nº(336-477),ARMADOS TIPO PIN Y CAMPANA ANTIFRAUDE
39,TE-MONT 3Ø RED ANTIF (MTA-305)Nº(2/0-4/0),ARMADOS TIPO PIN Y CAMPANA ANTIFRAUDE
40,TE-MONT 3Ø RED ANTIF(MTA-305)Nº(336-477),ARMADOS TIPO PIN Y CAMPANA ANTIFRAUDE
41,TE-MONT 3Ø RED ANTIF(MTA-306),ARMADOS TIPO PIN Y CAMPANA ANTIFRAUDE
42,TE-MONT 3Ø RED ANTIF (MTA-308)Nº(2/0-4/0),ARMADOS TIPO PIN Y CAMPANA ANTIFRAUDE
43,TE-MONT 3Ø RED ANTIF(MTA-308)Nº(336-477),ARMADOS TIPO PIN Y CAMPANA ANTIFRAUDE
44,TE-MONT (F1 - MT) Nº(2/0 - 4/0),ARMADOS TIPO PIN Y CAMPANA
45,TE-MONT (F1 -MT) Nº(336 -477),ARMADOS TIPO PIN Y CAMPANA
46,TE-MONT (F2- MT) Nº(2/0 - 4/0),ARMADOS TIPO PIN Y CAMPANA
47,TE-MONT (F2 - MT) Nº (336 - 477),ARMADOS TIPO PIN Y CAMPANA
48,TE-MONT (F3 - MT) Nº (2/0 - 4/0),ARMADOS TIPO PIN Y CAMPANA
49,TE-MONT (F3 - MT) Nº (336 - 477),ARMADOS TIPO PIN Y CAMPANA
50,TE-MONT FIN FLOTANTE (F5-MT)(4-1/0),ARMADOS TIPO PIN Y CAMPANA
51,TE-MONT FIN FLOTANTE (F5-MT)(2/0-4/0),ARMADOS TIPO PIN Y CAMPANA
52,TE-MONT FIN FLOTANTE (F5-MT)(336-477),ARMADOS TIPO PIN Y CAMPANA
53,TE-MONT FIN FLOTANTE (F5-MT)(2/0-4/0) Doble,ARMADOS TIPO LINE POST Y POLIMERICO
54,ALARGADERA ADICIONAL,USO GENERAL
55,TE-MONT ALINEAMIENTO BT (POSTE 10M-12M) (AL-BT),ARMADO BT
56,TE-MONT SUSPENSION BT (BT-102) (SU-BT),ARMADO BT
57,TE-MONT SUSPENSION BT EN PUNTA DE CRUCETA (SVAF-BT),ARMADO BT
58,TE-MONT SUSPENSION BT EN CRUCETA CON SOPORTE EN L (SV-BT),ARMADO BT
59,TE-MONT SUSPENSION BT EN CRUCETA DOBLE CON SOPORTE EN L (SV-BT2),ARMADO BT
60,TE-MONT DERIV BT A MED VANO (2/0-2/0),ARMADO BT
61,TE-MONT DERIV BT A MED VANO (4/0-4/0),ARMADO BT
62,F1-BT,ARMADO BT
63,F2-BT,ARMADO BT
64,F4-BT    FINAL DE LINEA EN PINZA,ARMADO BT
65,F4-BT2   DOBLE ENCABECE CON PINZA,ARMADO BT
66,TE-MONT PINZA DE RETENCION DOBLE 6/3-8/2,ARMADO BT
67,F5-BT,ARMADO BT
68,TE-MONT DERIV BT (2/0-2/0) EN POSTE (DE-BT),ARMADO BT
69,TE-MONT DERIV BT (4/0-4/0) EN POSTE (DE-BT),ARMADO BT
70,TE-MONT JUMP AEREO P/TRIPLEX 2/0-2/0AWG,JUMPERS Y CONEXIONES
71,TE-MONT JUMP AEREO P/TRIPLEX 4/0-4/0AWG N 2/0,JUMPERS Y CONEXIONES
72,TE-MONT JUMP AEREO P/TRIPLEX 4/0-2/0AWG N 2/0,JUMPERS Y CONEXIONES
73,TE-MONT CONEX P/TRIPLEX 2/0-2/0AWG,JUMPERS Y CONEXIONES
74,TE-MONT CONEX P/TRIPLEX 4/0-4/0AWG,JUMPERS Y CONEXIONES
75,TE-MONT DE SUSP EN VOLADIZO PARA BT,ARMADO BT
76,TE-MONT PAT EN POSTE INTERIOR (PR-101) CON 14m DE COBRE,PROTECCIONES
77,TE-MONT PAT EN POSTE INTERIOR (PR-101) CON 12m DE COBRE,PROTECCIONES
78,TE-MONT PAT EN POSTE INTERIOR (PR-101) CON 10m DE COBRE,PROTECCIONES
79,TE-MONT DE PAT EN POSTE EXT (PR-102) CON 14m DE COBRE,PROTECCIONES
80,TE-MONT DE PAT EN POSTE EXT (PR-102) CON 12m DE COBRE,PROTECCIONES
81,TE-MONT DE PAT EN POSTE EXT (PR-102) CON 12m DE COBRE Flejado,PROTECCIONES
82,TE-MONT DE PAT EN POSTE EXT (PR-102) CON 10m DE COBRE,PROTECCIONES
83,TE-MONT PAT EN POSTE INTERIOR (PR-101) CON 14m DE ACERO COBREADO,PROTECCIONES
84,TE-MONT PAT EN POSTE INTERIOR (PR-101) CON 12m DE ACERO COBREADO,PROTECCIONES
85,TE-MONT PAT EN POSTE INTERIOR (PR-101) CON 10m DE ACERO COBREADO,PROTECCIONES
86,TE-MONT DE PAT EN POSTE EXT (PR-102) CON 14m DE ACERO COBREADO,PROTECCIONES
87,TE-MONT DE PAT EN POSTE EXT (PR-102) CON 12m DE ACERO COBREADO,PROTECCIONES
88,TE-MONT DE PAT EN POSTE EXT (PR-102) CON 10m DE ACERO COBREADO,PROTECCIONES
89,PT-101 4/0 (1 DV),PROTECCIONES
90,PT-101 2/0 (1 DV),PROTECCIONES
91,PT-101 4/0 (2 DV),PROTECCIONES
92,PT-101 2/0 (2 DV),PROTECCIONES
93,PT-101 4/0 (3 DV),PROTECCIONES
94,PT-101 2/0 (3 DV),PROTECCIONES
95,PT-101 4/0 (4 DV),PROTECCIONES
96,PT-101 2/0 (4 DV),PROTECCIONES
97,TE-MONT ATERR HERRAJES AL NEUTRO 4/0 [PT-101] SIN CU,PROTECCIONES
98,TE-MONT ATERR HERRAJES AL NEUTRO 2/0 [PT-101] SIN CU,PROTECCIONES
99,TE-MONT ATERR HERRAJES DE DOBLE TERNA AL NEUTRO 2/0 [PTLB-101] SIN CU,PROTECCIONES
100,TE-MONT ATERR HERRAJES AL NEUTRO 2/0 PT1-101 Ant. Frau,PROTECCIONES
101,TE-MONT ATERR HERRAJES AL NEUTRO 2/0 PT1-102 Ant. Frau,PROTECCIONES
102,TE-MONT ATERR HERRAJES AL NEUTRO 2/0 PT1-103 Ant. Frau,PROTECCIONES
103,TE-MONT ATERR HERRAJES AL NEUTRO 2/0 PT1-104 Ant. Frau,PROTECCIONES
104,TE-MONT ATERR HERRAJES AL NEUTRO 2/0 PT1-101 Ant. Frau SIN CU,PROTECCIONES
105,TE-MONT ATERR HERRAJES AL NEUTRO 2/0 PT1-102 Ant. Frau SIN CU,PROTECCIONES
106,TE-MONT ATERR HERRAJES AL NEUTRO 2/0 PT1-103 Ant. Frau SIN CU,PROTECCIONES
107,TE-MONT ATERR HERRAJES AL NEUTRO 2/0 PT1-104 Ant. Frau SIN CU,PROTECCIONES
108,TE-MONT PAT EN POSTE METALICO (POAC-101),PROTECCIONES
109,TE-MONT (HA - 100B),ANCLAJES
110,TE-MONT (HA - 100A),ANCLAJES
111,TE-MONT (HA - 100B) SIN TORNILLO DE SUJECCION EN POSTE,ANCLAJES
112,TE-MONT (HA - 100A) SIN TORNILLO DE SUJECCION EN POSTE,ANCLAJES
113,TE-MONT (HA - 106),ANCLAJES
114,TE-MONT (HA - 105),ANCLAJES
115,TE-MONT (HA - 107),ANCLAJES
116,TE-MONT (HA - 108),ANCLAJES
117,TE-MONT CABLE DE VIENTO (FV-BT),ANCLAJES
118,TE-MONT CABLE DE VIENTO (FV-MT),ANCLAJES
119,TE-MONT TUBO Y SOPORTE DE VIENTO VERTICAL CON CABLE DE ACERO (VV-MT + FV-MT),ANCLAJES
120,TE-MONT TUBO Y SOPORTE DE VIENTO VERTICAL (VV-MT),ANCLAJES
121,TE-MONT ANCLA SIMPLE (AN-S1),ANCLAJES
122,TE-MONT ANCLA DOBLE (AN-D1),ANCLAJES
123,"HA-100B (Cable de 1/2"")",ANCLAJES
124,"HA-105 (Cable de 1/2"")",ANCLAJES
125,"HA-108 (Cable de 1/2"" y 3/8"")",ANCLAJES
126,TE-MONT 1Ø ALIN ANG HASTA 5º (MT-101),ARMADOS TIPO PIN Y CAMPANA
127,TE-MONT 1Ø LINEA ANG (6-25º) (MT-102),ARMADOS TIPO PIN Y CAMPANA
128,TE-MONT 1Ø LN AG(26-60)(MT-103)(2/0-4/0),ARMADOS TIPO PIN Y CAMPANA
129,TE-MONT 1Ø LINEA ANG (45-90º) (MT-104)(2/0-4/0),ARMADOS TIPO PIN Y CAMPANA
130,TE-MONT 1Ø FIN LIN Nº (MT-105) (2/0-4/0),ARMADOS TIPO PIN Y CAMPANA
131,TE-MONT 1Ø FIN LIN Nº (MT-105) (336-477),ARMADOS TIPO PIN Y CAMPANA
132,TE-MONT 1Ø DOBL TERM Nº(MT-106)(2/0-4/0),ARMADOS TIPO PIN Y CAMPANA
133,TE-MONT 1Ø DOBL TERM Nº(MT-106)(336-447),ARMADOS TIPO PIN Y CAMPANA
134,TE-MONT 1Ø ALIN EN VOLADIZO (MT-108),ARMADOS TIPO PIN Y CAMPANA
135,TE-MONT 1Ø VOLAD ANG(6-25º) (MT-109),ARMADOS TIPO PIN Y CAMPANA
136,TE-MONT 1Ø ALIN EN VOLADIZO (MT-108) CRUCETA 6',ARMADOS TIPO LINE POST Y POLIMERICO
137,TE-MONT 1Ø VOLAD ANG(6-25º) (MT-109) CRUCETA 6',ARMADOS TIPO LINE POST Y POLIMERICO
138,TE-MONT 3Ø ALIN CON ANG HASTA 5º(MT-301),ARMADOS TIPO PIN Y CAMPANA
139,TE-MONT 3Ø LIN ANG (6-25º)(MT-302),ARMADOS TIPO PIN Y CAMPANA
140,TE-MONT 3Ø ANG(61-90)Nº(MT-305)(2/0-4/0),ARMADOS TIPO PIN Y CAMPANA
141,TE-MONT 3Ø ANG(61-90)Nº(MT-305)(2/0-4/0) C8,ARMADOS TIPO PIN Y CAMPANA
142,TE-MONT 3Ø ANG(61-90)Nº(MT-305)(336-477),ARMADOS TIPO PIN Y CAMPANA
143,TE-MONT 3Ø ANG(61-90)Nº(MT-305)(336-477) C8,ARMADOS TIPO PIN Y CAMPANA
144,TE-MONT 3Ø FIN LIN Nº (MT-307)(2/0-4/0) C6,ARMADOS TIPO PIN Y CAMPANA
145,TE-MONT 3Ø FIN LIN Nº (MT-307)(2/0-4/0) C8,ARMADOS TIPO PIN Y CAMPANA
146,TE-MONT 3Ø FIN LIN Nº (MT-307)(336-447) C6,ARMADOS TIPO PIN Y CAMPANA
147,TE-MONT 3Ø FIN LIN Nº (MT-307)(336-447) C8,ARMADOS TIPO PIN Y CAMPANA
148,TE-MONT 3Ø DOBL TERM Nº(MT-316)(2/0-4/0) C6,ARMADOS TIPO PIN Y CAMPANA
149,TE-MONT 3Ø DOBL TERM Nº(MT-316)(2/0-4/0) C8,ARMADOS TIPO PIN Y CAMPANA
150,TE-MONT 3Ø DOBL TERM Nº(MT-316)(2/0-4/0) C8 EA-MT (TERNA INFERIOR),ARMADOS TIPO PIN Y CAMPANA
151,TE-MONT 3Ø DOBL TERM (MT-316)Nº(336-477) C6,ARMADOS TIPO PIN Y CAMPANA
152,TE-MONT 3Ø DOBL TERM Nº(MT-316)(336-477) C8,ARMADOS TIPO PIN Y CAMPANA
153,TE-MONT 3Ø DOBL TERM Nº(MT-316)(336-477) C8 EC-MT,ARMADOS TIPO PIN Y CAMPANA
154,TE-MONT 3Ø ALIN EN VOLADIZO (MT-319),ARMADOS TIPO PIN Y CAMPANA
155,TE-MONT 3Ø AL VOLAD CRUC DE 6' (MT-321),ARMADOS TIPO PIN Y CAMPANA
156,TE-MONT 3Ø VOLAD LIN ANG(6-25º)(MT-322),ARMADOS TIPO PIN Y CAMPANA
157,TE-MONT 3Ø DOBLE TER LIN (0-5º)(LB-601),ARMADOS TIPO PIN Y CAMPANA
158,TE-MONT 3Ø DOBLE TERN LIN(6-25º)(LB-603),ARMADOS TIPO PIN Y CAMPANA
159,TE-MONT 3Ø DOBLE TERN (26-60º)(LB 606),ARMADOS TIPO PIN Y CAMPANA
160,TE-MONT 3Ø DOBL TERN LIN(61-90º)(LB-607),ARMADOS TIPO PIN Y CAMPANA
161,TE-MONT 3Ø DOBLE TERN ALN VOLAD (LB-608),ARMADOS TIPO PIN Y CAMPANA
162,TE-MONT 3Ø DOB TER (6-25º) VOLAD(LB-610),ARMADOS TIPO PIN Y CAMPANA
163,TE-MONT 3Ø DOB TERNA (LB-611) (2/0-4/0),ARMADOS TIPO PIN Y CAMPANA
164,TE-MONT 3Ø DOBL TERNA (LB-611) (336-477),ARMADOS TIPO PIN Y CAMPANA
165,TE-MONT 3Ø ALIN CON ANG HASTA 5º(MT-301) CON EA-MT,ARMADOS TIPO LINE POST Y POLIMERICO
166,TE-MONT 3Ø DOBL TERM Nº(MT-316)(336-477) C8 EA-MT (TERNA INFERIOR),ARMADOS TIPO LINE POST Y POLIMERICO
167,TE-MONT 2Ø ALIN ANG (0º- 5º)( MT-201),ARMADOS TIPO PIN Y CAMPANA
168,TE-MONT 2Ø LIN CON ANG (6-25º)(MT-202),ARMADOS TIPO PIN Y CAMPANA
169,TE-MONT 2Ø LIN ANG (26-60º)( MT-203),ARMADOS TIPO PIN Y CAMPANA
170,TE-MONT 2Ø LIN CON ANG (61-90º)( MT-204),ARMADOS TIPO PIN Y CAMPANA
171,TE-MONT 2Ø ANG (61-90º)(MT-205)(2/0-4/0),ARMADOS TIPO PIN Y CAMPANA
172,TE-MONT 2Ø FIN LIN VERT(MT-206)(2/0-4/0),ARMADOS TIPO PIN Y CAMPANA
173,TE-MONT 2Ø FIN HOR (MT-207)(2/0-4/0),ARMADOS TIPO PIN Y CAMPANA
174,TE-MONT 2Ø DOBLE TERM VERT (MT-212),ARMADOS TIPO PIN Y CAMPANA
175,TE-MONT 2Ø DOBLE TERM HORIZ (MT-213),ARMADOS TIPO PIN Y CAMPANA
176,TE-MONT 2Ø ALIN ANG HASTA 5º (MT-216),ARMADOS TIPO PIN Y CAMPANA
177,TE-MONT 2Ø VOLAD LIN ANG (6-25º)(MT-217),ARMADOS TIPO PIN Y CAMPANA
178,TE-MONT 3Ø 34.5 KV (MT-301),ARMADOS 34.5 KV
179,TE-MONT 3Ø 34.5 KV (MT-302),ARMADOS 34.5 KV
180,TE-MONT 3Ø 34.5 KV (MT-305) Nº (2/0-4/0),ARMADOS 34.5 KV
181,TE-MONT 3Ø 34.5 KV (MT-305) Nº (336-477),ARMADOS 34.5 KV
182,TE-MONT 3Ø 34.5 KV (MT-307) Nº (2/0-4/0),ARMADOS 34.5 KV
183,TE-MONT 3Ø 34.5 KV (MT-307) Nº (336-477),ARMADOS 34.5 KV
184,TE-MONT 3Ø 34.5 KV (MT-316) (2/0-4/0),ARMADOS 34.5 KV
185,TE-MONT 3Ø 34.5 KV (MT-316) (336-477),ARMADOS 34.5 KV
186,TE-MONT 3Ø 34.5 KV (MT-319),ARMADOS 34.5 KV
187,TE-MONT 3Ø 34.5 KV (MT-321),ARMADOS 34.5 KV
188,TE-MONT 3Ø 34.5 KV (MT-322),ARMADOS 34.5 KV
189,TE-MONT 3Ø DOBLE TERN ALN VOLAD (LB-608) 34.5 kV,ARMADOS 34.5 KV
190,TE-MONT 3Ø DOB TER (6-25º) VOLAD(LB-610) 34.5 kV,ARMADOS 34.5 KV
191,TE-MONT LUMINARIA COMPLETA 150W BRAZO 6 (AP-103)  A TRIPLEX,LUMINARIAS
192,TE-MONT LUMINARIA COMPLETA 150W BRAZO 6 (AP-103) A BORNERA,LUMINARIAS
193,TE-MONT LUMINARIA COMPLETA 250W BRAZO 12 (AP-104) A TRIPLEX,LUMINARIAS
194,TE-MONT LUMINARIA COMPLETA 250W BRAZO 12 (AP-104) A BORNERA,LUMINARIAS
195,TE-MONT LUMINARIA 150W,LUMINARIAS
196,TE-MONT LUMINARIA 250W,LUMINARIAS
197,TE-MONT CT TP 1Ø CSP 7.2 KV 25 KVA,TRANSFORMADORES
198,TE-MONT CT TP 1Ø CSP 7.2 KV 37.5 KVA,TRANSFORMADORES
199,TE-MONT CT TP 1Ø CSP 7.2 KV 50 KVA,TRANSFORMADORES
200,TE-MONT CT TP 1Ø CSP 7.2 KV 75 KVA,TRANSFORMADORES
201,TE-MONT TR TP 1Ø CSP 7.2 KV 25 KVA,TRANSFORMADORES
202,TE-MONT TR TP 1Ø CSP 7.2 KV 37.5 KVA,TRANSFORMADORES
203,TE-MONT TR TP 1Ø CSP 7.2 KV 50 KVA,TRANSFORMADORES
204,TE-MONT TR TP 1Ø CSP 7.2 KV 75 KVA,TRANSFORMADORES
205,TE-MONT CT TP 1Ø CSP BL 25 KVA,TRANSFORMADORES
206,TE-MONT CT TP 1Ø CSP BL 37.5 KVA,TRANSFORMADORES
207,TE-MONT CT TP 1Ø CSP BL 50 KVA,TRANSFORMADORES
208,TE-MONT CT TP 1Ø CSP BL 75 KVA,TRANSFORMADORES
209,TE-MONT CT TP 1Ø RCO 7.2 KV 25 KVA,TRANSFORMADORES
210,TE-MONT CT TP 1Ø RCO 7.2 KV 37.5 KVA,TRANSFORMADORES
211,TE-MONT CT TP 1Ø RCO 7.2 KV 50 KVA,TRANSFORMADORES
212,TE-MONT CT TP 1Ø RCO 7.2 KV 75 KVA,TRANSFORMADORES
213,TE-MONT TR TP 1Ø RCO 7.2 KV 25 KVA,TRANSFORMADORES
214,TE-MONT TR TP 1Ø RCO 7.2 KV 37.5 KVA,TRANSFORMADORES
215,TE-MONT TR TP 1Ø RCO 7.2 KV 50 KVA,TRANSFORMADORES
216,TE-MONT TR TP 1Ø RCO 7.2 KV 75 KVA,TRANSFORMADORES
217,TE-MONT CT TP 1Ø RCO BL 7.2 KV 25 KVA,TRANSFORMADORES
218,TE-MONT CT TP 1Ø RCO BL 7.2 KV 37.5 KVA,TRANSFORMADORES
219,TE-MONT CT TP 1Ø RCO BL 7.2 KV 50 KVA,TRANSFORMADORES
220,TE-MONT CT TP 1Ø RCO BL 7.2 KV 75 KVA,TRANSFORMADORES
221,TE-MONT ETIQUETA DE TRANSFORMADOR,TRANSFORMADORES
222,TE-MONT CONEX AMOV. COMP. 477,TRANSFORMADORES
223,TE-MONT CONEX AMOV. COMP. 4/0,TRANSFORMADORES
224,TE-MONT CONEX AMOV. COMP. 2/0,TRANSFORMADORES
225,BAJANTE BL <=50 KVA (Conductor y Pines),TRANSFORMADORES
226,BAJANTE BL > 50 KVA (Conductor y Pines),TRANSFORMADORES
227,BAJANTE 4/0 (Conductor y Pines),TRANSFORMADORES
228,BAJANTE 477 (Conductor y Pines),TRANSFORMADORES
229,TE-MONT CONEX A RED BT 477-4/0,TRANSFORMADORES
230,TE-MONT CONEX A RED BT 477-2/0,TRANSFORMADORES
231,TE-MONT CONEX A RED BT 4/0-4/0,TRANSFORMADORES
232,TE-MONT CONEX A RED BT 4/0-2/0,TRANSFORMADORES
233,SOPORTE TIPO L,TRANSFORMADORES
234,FUSIBLE EXPULSIÓN 3.5 A TIPO D,TRANSFORMADORES
235,FUSIBLE EXPULSIÓN 5.2 A TIPO D,TRANSFORMADORES
236,FUSIBLE EXPULSIÓN 7 A TIPO D,TRANSFORMADORES
237,FUSIBLE EXPULSIÓN 10.4 A TIPO D,TRANSFORMADORES
238,TE-MONT CONEX A RED BT TPX-CONCENTRICO,JUMPERS Y CONEXIONES
239,TE-MONT (PR - 201),PROTECCIONES
240,TE-MONT ( PR - 202 ) EN CRUCETA DE 6',PROTECCIONES
241,TE-MONT ( PR - 202 ) EN CRUCETA DE 8',PROTECCIONES
242,TE-MONT PARARRAYO EN POSTE,PROTECCIONES
243,TE-MONT PARARRAYO EN CRUCETA,PROTECCIONES
244,TE-MONT SOPORTE TERM CABLE URD 1Ø,PROTECCIONES
245,TE-MONT SOPORTE TERM CABLE URD 3Ø,PROTECCIONES
246,PR - 208 CRUCETA DE 6',PROTECCIONES
247,PR - 208 CRUCETA DE 8',PROTECCIONES
248,TE-MONT JUMPER 477-477,JUMPERS Y CONEXIONES
249,TE-MONT JUMPER 477-4/0,JUMPERS Y CONEXIONES
250,TE-MONT JUMPER 477-2/0,JUMPERS Y CONEXIONES
251,TE-MONT JUMPER 4/0-4/0,JUMPERS Y CONEXIONES
252,TE-MONT JUMPER 4/0-2/0,JUMPERS Y CONEXIONES
253,TE-MONT JUMPER 2/0-2/0,JUMPERS Y CONEXIONES
254,TE-MONT JUMPER 2/0-#2,JUMPERS Y CONEXIONES
255,TE-MONT JUMPER 4/0-#2,JUMPERS Y CONEXIONES
256,TE-MONT JUMPER 477-#2,JUMPERS Y CONEXIONES
257,TE-MONT CONEX 477-477,JUMPERS Y CONEXIONES
258,TE-MONT CONEX 477-4/0,JUMPERS Y CONEXIONES
259,TE-MONT CONEX 477-2/0,JUMPERS Y CONEXIONES
260,TE-MONT CONEX 4/0-4/0,JUMPERS Y CONEXIONES
261,TE-MONT CONEX 4/0-2/0,JUMPERS Y CONEXIONES
262,TE-MONT CONEX 2/0-2/0,JUMPERS Y CONEXIONES
263,TE-MONT CONEX 2/0-#2,JUMPERS Y CONEXIONES
264,TE-MONT CONEX 4/0-#2,JUMPERS Y CONEXIONES
265,TE-MONT CONEX 477-#2,JUMPERS Y CONEXIONES
266,TE-MONT AISLADOR Y ESPIGA CRUC ACERO (EA-MT),ARMADOS TIPO PIN Y CAMPANA
267,TE-MONT AISLADOR Y ESPIGA CBZA POSTE (EC-MT),ARMADOS TIPO PIN Y CAMPANA
268,TE-MONT ESPIGA TRANSVERSAL (ET-MT),ARMADOS TIPO LINE POST Y POLIMERICO
269,TE-EMP PLENA TRACC COND #2 AWG,EMPALMES
270,TE-EMP PLENA TRACC COND 1/0 AWG,EMPALMES
271,TE-EMP PLENA TRACC COND 2/0 AWG,EMPALMES
272,TE-EMP PLENA TRACC COND 4/0 AWG,EMPALMES
273,TE-EMP PLENA TRACC COND 466 MCM,EMPALMES
274,TE-EMP PLENA TRACC COND 477 MCM,EMPALMES
275,TE-MONT SF1 - MT,PROTECCIONES
276,TE-MONT SF2 - MT,PROTECCIONES
277,TE-MONT SF1 - MT (Base 200A),PROTECCIONES
278,TE-MONT SF2 - MT (Base 200A),PROTECCIONES
279,TE-MONT SP2 - MT,PROTECCIONES
280,TE-M DE TEND 1Ø COND AAAC 2/0AWG,TENDIDO CONDUCTOR
281,TE-M TEND 3Ø COND AAAC 2/0AWG,TENDIDO CONDUCTOR
282,TE-M TEND 3Ø COND AAAC 4/0 AWG,TENDIDO CONDUCTOR
283,TE-M TEND 3Ø COND AAAC 465 MCM,TENDIDO CONDUCTOR
284,TE-M TEND PARA NEUTRO AAAC 2/0 AWG,TENDIDO CONDUCTOR
285,TE-M TEND PARA NEUTRO AAAC 4/0 AWG,TENDIDO CONDUCTOR
286,TE-M TEND TRIPLEX 2/0 NEUTRO 2/0,TENDIDO CONDUCTOR
287,TE-M TEND TRIPLEX 4/0 NEUTRO 2/0,TENDIDO CONDUCTOR
288,TE-M TEND TRIPLEX 4/0 NEUTRO 4/0,TENDIDO CONDUCTOR
289,TEND. COND CU 8/3,TENDIDO CONDUCTOR
290,TEND. COND CU 6/3,TENDIDO CONDUCTOR
291,TEND. COND. CU 4/3,TENDIDO CONDUCTOR
292,TEND. COND CU 6/3 ALUMINIO,TENDIDO CONDUCTOR
293,TEND. COND. CU 4/3 ALUMINIO,TENDIDO CONDUCTOR
294,AS-INST CAJA DERIV POSTE (FLEJADA) (4/3),ARMADO BT
295,AS-INST CAJA DERIV POSTE (FLEJADA) (6/3),ARMADO BT
296,AS-INST CAJA DERIV POSTE (ATORNILLADA) (4/3),ARMADO BT
297,AS-INST CAJA DERIV POSTE (ATORNILLADA) (6/3),ARMADO BT
298,AS-INST CAJA DERIV ANTIF EN CRUC (4/3),ARMADO BT
299,AS-INST CAJA DERIV ANTIF EN CRUC (6/3),ARMADO BT
300,TE-MONT CRUC SIMPLE ACERO 6' (CSA-MT),ENSAMBLES DIVERSOS
301,TE-MONT CRUC DOBLE DE ACERO 6' (CDA-MT),ENSAMBLES DIVERSOS
302,TE-MONT CRUC SIMPLE ACERO 8' (CSA-MT1),ENSAMBLES DIVERSOS
303,TE-MONT CRUC DOBLE DE ACERO 8' (CDA-MT1),ENSAMBLES DIVERSOS
304,TE-MONT CRUC DOBLE DE ACERO 45º 6' (C45-MT),ENSAMBLES DIVERSOS
305,TE-MONT CRUC DOBLE DE ACERO 45º 8'  (C45-MT1),ENSAMBLES DIVERSOS
306,TE-MONT CRUC EN VOLADIZO DE 6´ [CV1-BT],ENSAMBLES DIVERSOS
307,TE-MONT CRUC EN VOLADIZO DE 8´ [CV1-MT],ENSAMBLES DIVERSOS
308,TE-MONT CV2 - MT Cruc. 6 VOLADIZO DE DOS NIVELES,ENSAMBLES DIVERSOS
309,TE-MONT CV2 - MT Cruc. 8 VOLADIZO DE DOS NIVELES,ENSAMBLES DIVERSOS
310,TE-MONT CV3 - MT Cruc. 6 VOLADIZO DE TRES NIVELES,ENSAMBLES DIVERSOS
311,TE-MONT CV3 - MT Cruc. 8 VOLADIZO DE TRES NIVELES,ENSAMBLES DIVERSOS
312,TE-MONT CV4 - MT Cruc. 6 VOLADIZO CRUCETA DOBLE,ENSAMBLES DIVERSOS
313,TE-MONT CV4 - MT Cruc. 8 VOLADIZO CRUCETA DOBLE,ENSAMBLES DIVERSOS
314,TE-MONT CV5 - MT Cruc. 6 VOLADIZO DOS NIVELES CRUCETA DOBLE,ENSAMBLES DIVERSOS
315,TE-MONT CV5 - MT Cruc. 8 VOLADIZO DOS NIVELES CRUCETA DOBLE,ENSAMBLES DIVERSOS
316,KIT BT SOCKET ANTI-FRAUDE 120V(8/2 de AL),MEDIDAS
317,KIT BT SOCKET ANTI-FRAUDE 240V(6/3 de AL),MEDIDAS
318,KIT BT SOCKET NORMAL 120V (8/2 de AL),MEDIDAS
319,KIT BT SOCKET NORMAL 240 V (6/3 de AL),MEDIDAS
320,KIT BT SOCKET ANTI-FRAUDE 120V(10/2 de CU),MEDIDAS
321,KIT BT SOCKET ANTI-FRAUDE 240V(8/3 de CU),MEDIDAS
322,KIT BT SOCKET NORMAL 120V (10/2 de CU),MEDIDAS
323,KIT BT SOCKET NORMAL 240 V (8/3 de CU),MEDIDAS
324,INST-TOTALIZADOR INDIRECTO A LINEA BT NO TELEMEDIDO EN RED NORMAL.,MEDIDAS
325,INST-TOTALIZADOR INDIRECTO A LINEA BT NO TELEMEDIDO EN RED ANTIFRAUDE.,MEDIDAS
326,Descripción Materiales,Estructura
327,POSTE HORMIGON ARMADO VIB 300DAN 9M,HAV-300-09
328,POSTE HORMIGON ARMADO VIB 300DAN 10.5M,HAV-300-10
329,POSTE HORMIGON ARMADO VIB 500DAN 10.5M,HAV-500-10
330,POSTE HORMIGON ARMADO VIB 500DAN 12M,HAV-500-12
331,POSTE HORMIGON ARMADO VIB 500DAN 14M,HAV-500-14
332,POSTE HORMIGON ARMADO VIB 800DAN 12M,HAV-800-12
333,POSTE HORMIGON ARMADO VIB 800DAN 14M,HAV-800-14
334,POSTE HORMIGON ARMADO VIB 800DAN 10.5M,HAV-800-10
335,POSTE HORMIGON ARMADO VIB 800DAN 15M,HAV-800-15
336,POSTE MADERA 9M CLASE 5,M - 9 - CL5
337,POSTE MADERA 10.5M CLASE 5,M - 10 - CL5
338,POSTE MADERA 10.5M CLASE 3,M - 10 - CL3
339,POSTE MADERA 12M CLASE 3,M - 12 - CL3
340,POSTE 60 CLASE III,M - 18 - CL5
341,"POSTE METALICO CHAPA 300 DAN 10,5 M",MCH-300-10
342,POSTE METALICO CHAPA 300 DAN 9 M,MCH-300-9
343,POSTE METALICO METAL 500 DAN 10  M.,MCH-500-10
344,POSTE METALICO CHAPA 500 DAN 12 M,MCH-500-12
345,POSTE METALICO CHAPA 500 DAN 14  M.,MCH-500-14
346,POSTE METALICO CHAPA 800-12,MCH-800-12
347,POSTE METALICO CHAPA 800-14,MCH-800-14
348,"TORNILLOCABEZA HEXAGONAL 5/8"" X 3""",MTA-101 (55-5)
349,"ESPIGA ACERO GAL VASTAGO 3/4"" X 7 3/4""",MTA-101 (55-5)
350,GRAPA CONEXION DOBLE S/TOR,MTA-101 (55-5)
351,ALAMBRE LIGADURAALUMINIO,MTA-101 (55-5)
352,"ARAN PLAN CUA AC GALV 21/4""X21/4"" D 5/8""",MTA-101 (55-5)
353,"ARANDELA PRESION ACERO GALV P/TORN 1/2""",MTA-101 (55-5)
354,AISLADOR PORC.TIPO ESPIGA ANSI 55-5,MTA-101 (55-5)
355,"CRUCETA ACERO GALV 5'-7"" 3"" X 3""",MTA-101 (55-5)
356,"FLEJE GALV 13/4""X13/4""X3/16""X60""ORF9/16""",MTA-101 (55-5)
357,"TORNILLO HEX PAS AC GALV 5/8"" X 12""",MTA-101 (55-5)
358,"TORNILLO MAQUINA 1/2"" X 2""",MTA-101 (55-5)
359,"ARANDELA PRESION ACERO GALV P/TORN 5/8""",MTA-101 (55-5)
360,PERNO CORTO GALVANIZADO ANSI 57-1/3,MTA-101 (57-1)
361,AISLADOR PORC.TIPO LINE POST ANSI 57-1,MTA-101 (57-1)
362,"TUERCA CAB HEX AC GALV P/TORNILLO 5/8""",MTA-102 (55-5)
363,"PERNO ROSCA CORRIDA AC GALV 5/8"" X12""",MTA-102 (55-5)
364,"TORNILLO ESP ROSCA CORRIDA 1/2"" X12""",MTA-102 (55-5)
365,GRAPA RETENCION 2/0 AWG A 4/0 AWG,MTA-103 (55-5)
366,AISLADOR PORC.TIPO SUSPENSION ANSI 52-1,MTA-103 (55-5)
367,"TUERCA D/OJO AC GALV P/TORNILLO 5/8""",MTA-103 (55-5)
368,"FLEJE GALV 1-1/4"" X 1/4"" X 28'ORIF 9/16""",MTA-103 (55-5)
369,"ARANDELA PRESION ACERO GALV P/TORN 3/8""",MTA-103 (55-5)
370,"TORNILLO HEX PAS AC GALV 3/8"" X 2""",MTA-103 (55-5)
371,"TORNILLO MAQUINA AC GALV 1/2"" X 12""",MTA-103 (55-5)
372,AISLADOR COMPOSITE T/SUSPENSION 13.2KV,MTA-103 (57-1)
373,"ESPIGA ACERO GALV 20"" P/INST CZA POSTE",MTA-103 CC (55-5)
374,SOPORTE DE ACERO PARA AISLADOR RIGIDO EN CABEZA DE POSTE,MTA-103 CC (57-1)
375,"FLEJE AC GALV 1-3/4""X1-3/4""X3/16""X84""",MTA-107 (55-5)
376,"CRUCETA ACERO GALV 8'-0""3"" X 3""",MTA-107 (55-5)
377,"ABRAZADERA PERNO P/TORNILLO 5/8""",MTA-302 (2/0-4/0) (55-5)
378,GRAPA RETENCION 336 MCM A 477 MCM,MTA-302 (366/477) (55-5)
379,"PERNO ROSCA CORRIDA AC GALV 5/8""X14'",F1-MT (2/0-4/0) (55-5)
380,GRAPA RETENCION 4AWG A 1/0 AWG,F5-MT (4-1/0) (55-5)
381,"PERNO ROSCA CORRIDA AC GALV 5/8"" X6""",F5-MT (4-1/0) (55-5)
382,"TORNILLO P/AISLADOR T/CARRETE 5/8"" X 18""",AL-BT
383,AISLADOR PORC.TIPO CARRETE ANSI 53-2,AL-BT
384,"TORNILLO HEX PAS AC GALV 5/8"" X 14""",SU-BT
385,SOPORTE TIPO HORQILLAP/AISL T/CARRETE,SU-BT
386,"TORNILLO CABEZA HEXAGONAL 5/8"" X 2""",SVAF-BT
387,PORTA AISLADOR Y CODILLO,SVAF-BT
388,SOPORTE PARA TRIPLEX EN CRUCETA,SV-BT
389,CONECTOR CUÑA PRESION 2/0 AWG # 2/0 AWG,DERV 1/2 VANO 2/0-2/0
390,CAJA AISLANTECONECTOR CUÑA HASTA 300MCM,DERV 1/2 VANO 2/0-2/0
391,CONECTOR CUÑA PRESION 4/0AWG - 4/0AWG,DERV 1/2 VANO 4/0-4/0
392,PINZA RETENCION DOBLE 6/3AWG - 8/2AWG,F4-BT
393,CONDUCTOR TRIPLEX 4/0 AWG - N2/0,DERIV BT(4/0-4/0)POS
394,CONDUCTOR TRIPLEX 2/0 AWG - N2/0,JUMP AER TRIPX 2/0
395,CONECTOR CUÑA PRESION 4/0 AWG # 2/0 AWG,JUMP AER TRIPX 4/0-2/0
396,"TORNILLO CABEZA HEXAGONAL 1/2"" X 2""",SUSP VOLAD BT
397,CONECTOR CUÑA PRESION P.T. AWG 2/0 - # 2,PR-101 CON 14m DE CU
398,PICA PUESTA A TIERRA 5/8' X 8',PR-101 CON 14m DE CU
399,CONDUCTOR CU DESNUDO 7 HILOS #2 AWG,PR-101 CON 14m DE CU
400,"TUBO PVC DIAMETRO 1/2""",PR-102 CON 14m DE CU
401,"TORNILLOTIRAFONDO 1"" X 10""",PR-102 CON 14m DE CU
402,"ABRAZADERA EMT TIPO OMEGA 3/4""",PR-102 CON 14m DE CU
403,"TARUGO PLASTICO 1/4"" X 1""",PR-102 CON 14m DE CU
404,"FLEJE 10 X 0,4",PR-102 CON 12m DE CU (Flejado)
405,"HEBILLA P/FLEJE 10MM 1/2""",PR-102 CON 12m DE CU (Flejado)
406,CABLE ACERO COBREADO DESNUDO #2 AWG 7 HI,PR-101 CON 14m DE ACERO COBREADO
407,CONECTOR CUÑA PRESION 2/0 AWG # 2,PT-101 2/0 (1 DV)
408,"TUBO ABIERTO SEÑALIZACIÓNY PROT 2"" X 8""",HA-100B
409,"VARILLAANCLAJE SIMPLE 3/4"" X 8""",HA-100B
410,"ARANDELA CUADRADA 3"" X 3""P/TORNILLO",HA-100B
411,CONO ANCLAJE 500MM,HA-100B
412,PLETINA FIJ ANG GUARDACAB P/TIRANTE 5/8,HA-100B
413,"CABLE ACERO GALVANIZADOP/RETENIDA 3/8""",HA-100B
414,RETENCION TERM PREFORMADO CABLE AC 3/8,HA-100B
415,"ABRAZADERA CONTRA PRESION P/TUBO ANCL 2""",HA-106
416,"SOPORTE TUBERIA ANCLAJE 2""",HA-106
417,TUBO D/ANCLAJE,HA-106
418,"TUERCA GUARDA CABO RECTO P/TOR 5/8""",HA-105
419,"VARILLAANCLAJE DOBLE 3/4"" X 8""",HA-108
420,"CABLE ACERO GALVANIZADO P/RETENIDA 1/2""","HA-100B (Cable de 1/2"")"
421,"GUARDACABOS P/RETENCION AC GALV 1/2""","HA-100B (Cable de 1/2"")"
422,"RETENCION PREF TERM CABLE AC GALV 1/2""","HA-100B (Cable de 1/2"")"
423,GRAPA SUSPENSION AL P/COND 4/0-266 AWG,MT-103 (55-5)
424,"ARANDELA CUADRADA 2""X2"" P/TORNILLO 1/2""",MT-301 (55-5)
425,"TUERCA HEXAGONALACERO GALVANIZADO 1/2""",MT-322 (55-5)
426,"FLEJE VERTICAL11/2""X11/2""X3/16""X35-1/2""",LB-608 (55-5)
427,"ESPIGA C/MANGUITO ADAPT 5/8""X1"" L=51/4""",MT-212 (55-5)
428,AISLADOR PORC.TIPO LINE POST ANSI 57-3,MT-301 (34.5 KV)
429,AISLADOR POLIMÉRICO TIPO SUSPENSIÓN 35k,MT-305 (2/0-4/0) C8 (34.5 KV)
430,LUMINARIA APS 240V 150W,AP-103
431,BRAZO LAMP/ACERO GALVANIZADO 6',AP-103
432,CELULA FOTOELECTRICA 240V/1000W,AP-103
433,BOMBILLO SODIO 150W,AP-103
434,CONDUCTOR CU CONCENTRICO 10/3 AWG.,AP-103
435,CONECTOR PERFORACION 1/0-4/0 AWG P-35,AP-103
436,BRAZO LAMP/ACERO GALVANIZADO 12',AP-104
437,LUMINARIA APS 240V 250W,AP-104
438,BOMBILLO APS 250W,AP-104
439,TERMINAL COMPRESION TIPO PIN 4/0,CT TP 1Ø CSP 7.2 25KVA
440,TERMINAL COMPRESION TIPO PIN 2/0,CT TP 1Ø CSP 7.2 25KVA
441,TRANSF TP 1Ø CSP 7.2KV 25 KVA,CT TP 1Ø CSP 7.2 25KVA
442,"SOPORTE TIPO L AC GALV ¼""",CT TP 1Ø CSP 7.2 25KVA
443,TUBO Y BASE CORTACIRCUITO 15KV 100 AMPS,CT TP 1Ø CSP 7.2 25KVA
444,TRANSF TP 1Ø CSP 7.2KV 37 KVA,CT TP 1Ø CSP 7.2 37.5KVA
445,TRANSF TP 1Ø CSP 7.2KV 50 KVA,CT TP 1Ø CSP 7.2 50KVA
446,TRANSF TP 1Ø CSP 7.2KV 75 KVA,CT TP 1Ø CSP 7.2 75KVA
447,TERMINAL COMPRESION TIPO PIN 477 MCM,CT TP 1Ø CSP 7.2 75KVA
448,CABLE ALUMINIO 477MCM AISLAMIENTOXLP,CT TP 1Ø CSP 7.2 75KVA
449,CONDUCTOR AAAC 4/0 AWG ALLIANCE,CT TP 1Ø CSP 7.2 75KVA
450,"TUBERIA FLEX LIQ TIGHT 2""",CT BL TP 1Ø CSP 7.2  25KVA
451,"CONDULET 2""",CT BL TP 1Ø CSP 7.2  25KVA
452,TRANSF BL TP 1Ø CSP 7.2KV 25 KVA,CT BL TP 1Ø CSP 7.2  25KVA
453,"CONECTOR CURVO LIQUIDTAIGHT 2""",CT BL TP 1Ø CSP 7.2  25KVA
454,TRANSF BL TP 1Ø CSP 7.2KV 37 KVA,CT BL TP 1Ø CSP 7.2  37.5 KVA
455,TRANSF BL TP 1Ø CSP 7.2KV 50 KVA,CT BL TP 1Ø CSP 7.2 50 KVA
456,"TUBERIA FLEX LIQ TIGHT 3""",CT BL TP 1Ø CSP 7.2 75 KVA
457,"CONDULET 3""",CT BL TP 1Ø CSP 7.2 75 KVA
458,"CONECTOR CURVO LIQUIDTAIGHT 3""",CT BL TP 1Ø CSP 7.2 75 KVA
459,TRANSF BL TP 1Ø CSP 7.2KV 75 KVA,CT BL TP 1Ø CSP 7.2 75 KVA
460,TRANSF TP 1Ø RCO 7.2KV 25 KVA,CT TP 1Ø RCO 2B 7.2  25KVA
461,"SOPORTE EN CRUCETA DOB UND AC GALV ¼""",CT TP 1Ø RCO 2B 7.2  25KVA
462,PARARRAYO 10 KV OXIDO METALICO,CT TP 1Ø RCO 2B 7.2  25KVA
463,TRANSF TP 1Ø RCO 7.2KV 37 KVA,CT TP 1Ø RCO 2B  7.2  37.5KVA
464,TRANSF TP 1Ø RCO 7.2KV 50 KVA,CT TP  1Ø RCO 2B 7.2  50KVA
465,TRANSF TP 1Ø RCO 7.2KV 75 KVA,CT TP  1Ø RCO 2B 7.2  75KVA
466,TRANSF 1F BL TP 2B 25KVA 7200/120-240V,CT BL TP 1Ø RCO 2B 7.2  25KVA
467,TRANSF 1F BL TP 2B 37.5KVA 7200/120-240V,CT BL TP 1Ø RCO 2B 7.2  37.5 KVA
468,TRANSF 1F BL TP 2B 50KVA 7200/120-240V,CT BL TP 1Ø RCO 2B 7.2 50 KVA
469,TRANSF 1F BL TP 2B 75KVA 7200/120-240V,CT BL TP 1Ø RCO 2B 7.2 75 KVA
470,ETIQUETA P/CT TP,ETIQUETA POSTE
471,CONECTOR AMOVIBLE P/ESTRIBO,CONEX AMOV COMP477
472,CONECTOR CUÑA C/ESTRIBO (465.4#477) MCM,CONEX AMOV COMP477
473,CONECTOR CUÑA PRESION CON ESTRIBO 4/0AWG,CONEX AMOV COMP4/0
474,CONECTOR CUÑA C/ESTRIBO (1/0 # 2/0) AWG,CONEX AMOV COMP2/0
475,CAJA AISLANTECONECTOR CUÑA HASTA 556MCM,CONEX A RED BT 477-4/0
476,CONECTOR CUÑA PRESION 477MCM - 4/0AWG,CONEX A RED BT 477-4/0
477,CONECTOR CUÑA PRESION 477 MCM - 2/0 AWG,CONEX A RED BT 477-2/0
478,SOPORTE P/CAB AISL 1F AC INOX 2 COLLARES,SO1-MT
479,SOPORTE P/CAB AISL 3F AC INOX 3 COLLARES,SO2-MT
480,TUBO Y BASE CORTACIRCUITO 15KV 200 AMPS,PR - 208 CRUCETA DE 6'
481,CONECTOR CUÑA PRESION 477MCM - 477MCM,JUMPER 477-477
482,CONDUCTOR AAAC 465 MCM CAIRO,JUMPER 477-477
483,CONDUCTOR AAAC 2/0 AWG ANAHEIM,JUMPER 477-2/0
484,CONECTOR CUÑA PRESION 4/0AWG - #2CU,CONEX 4/0-#2
485,"PERNO ROSCA CORRIDA AC GALV 5/8"" X16""",ET-MT (57-1)
486,MANGA EMPALME PLENA TRACCIÓN # 2 AWG,EMP PLEN TRACC #2
487,MANGA EMPALME PLENA TRACCIÓN 1/0 AWG,EMP PLEN TRACC 1/0
488,MANGA EMPALME PLENA TRACCIÓN  2/0 AWG,EMP PLEN TRACC 2/0
489,MANGA EMPALME PLENA TRACCIÓN 4/0 AWG,EMP PLEN TRACC 4/0
490,MANGA EMPALME PLENA TRACCIÓN 266MCM,EMP PLEN TRACC 266
491,MANGA EMPALME PLENA TRACCIÓN 477MCM,EMP PLEN TRACC 477
492,CONDUCTOR TRIPLEX 4/0 AWG - N4/0,M TRIPLEX 4/0 N 4/0
493,CONDUCTOR CU CONCENTRICO 8/3 AWG,M TEND. 8/3
494,CONDUCTOR CONCENTRICO 3XN§6 COBRE,M TEND. 6/3
495,CONDUCTOR CU CONCENTRICO 4/3 AWG,M TEND. 4/3
496,CONDUCTOR CONCENTRICO DE AL 6 X 3 AWG,M TEND. 6/3 ALUMINIO
497,"CABLE CONCENTRICO AL 0,6KV 4/3 HILOS",M TEND. 4/3 ALUMINIO
498,CAJA DERIVACION 12 ACOMETIDAS,INST CAJA D  POSTE FLEJADA (4/3)
499,SOPORTE CAJA DERIVACION,INST CAJA D ANTIF  CRUC (4/3)
500,SOPORTE DE ANCLAJE EN FACHADA,KIT BT SOCKET ANTI-FRAUDE 120V(8/2 de AL)
501,TAPE DE VINILO,KIT BT SOCKET ANTI-FRAUDE 120V(8/2 de AL)
502,TORNILLO TIRAFONDO 1 ½” X 3/16” No 10,KIT BT SOCKET ANTI-FRAUDE 120V(8/2 de AL)
503,BRIDA DE SUJECCION HASTA 50 MM,KIT BT SOCKET ANTI-FRAUDE 120V(8/2 de AL)
504,CONDUCTOR CONCENTRICO DE AL 8 X 2 AWG,KIT BT SOCKET ANTI-FRAUDE 120V(8/2 de AL)
505,"CONECT A PRUEBA D/AGUA P/C. 8,2 ROSC 1""",KIT BT SOCKET ANTI-FRAUDE 120V(8/2 de AL)
506,"BASE CIRCULAR DE 1""",KIT BT SOCKET ANTI-FRAUDE 120V(8/2 de AL)
507,COLLAR AMARRE EN FACHADA,KIT BT SOCKET ANTI-FRAUDE 120V(8/2 de AL)
508,"CONECT A PRUEBA D/AGUA P/C. 6,3 ROSC 1""",KIT BT SOCKET ANTI-FRAUDE 240V(6/3 de AL)
509,CONDUCTOR CU CONCENTRICO 10/2 AWG,KIT BT SOCKET ANTI-FRAUDE 120V(10/2 de CU)
510,"CRUCETA ACERO GALV 5'-7"" 3""X3""X1/4"" 45°",(C45-MT) 45° 6'
511,"CRUCETA ACERO GALV 8-0"" 3""X3""X1/4"" 45°",(C45-MT1) 45° 8'
512,"Medidor Res. tipo Socket, Básico, 240V, CL 20, FORMA 4S","TOTALIZADOR INDIRECTO, NO TELEMEDIDO, RED NRMAL"
513,CT De Baja Tensión,"TOTALIZADOR INDIRECTO, NO TELEMEDIDO, RED NRMAL"
514,Base Circular Para Medidor 4s,"TOTALIZADOR INDIRECTO, NO TELEMEDIDO, RED NRMAL"
515,Tubería Liquid Tight de 1”,"TOTALIZADOR INDIRECTO, NO TELEMEDIDO, RED NRMAL"
516,Conector recto para tubería liquid tight 1”,"TOTALIZADOR INDIRECTO, NO TELEMEDIDO, RED NRMAL"
517,Conector curvo para tubería liquid tight 1”,"TOTALIZADOR INDIRECTO, NO TELEMEDIDO, RED NRMAL"
518,ARO DE SEGURIDAD P/ MEDIDOR TIPO SOCKET,"TOTALIZADOR INDIRECTO, NO TELEMEDIDO, RED NRMAL"
519,Cable De Control De 6 Hilos De # 12 AWG,"TOTALIZADOR INDIRECTO, NO TELEMEDIDO, RED NRMAL"
520,Sello De Seguridad Tipo Pin,"TOTALIZADOR INDIRECTO, NO TELEMEDIDO, RED NRMAL"
521,Terminal De Ojo cerrado 10-12 AWG,"TOTALIZADOR INDIRECTO, NO TELEMEDIDO, RED NRMAL"
522,"Adaptador macho PVC de 1""","TOTALIZADOR INDIRECTO, NO TELEMEDIDO, RED ANF"
523,Adapatador hembra PVC de 1'',"TOTALIZADOR INDIRECTO, NO TELEMEDIDO, RED ANF"
524,Cemento para tuberia PVC,"TOTALIZADOR INDIRECTO, NO TELEMEDIDO, RED ANF"
525,"Tubo PVC DE 1""X 19'","TOTALIZADOR INDIRECTO, NO TELEMEDIDO, RED ANF"
